[{"ref":"1554","request":"home","title":"Home","seo_title":"Home","keywords":"","description":"","parent_id":"0","display_order":"1","type":"home","template_ref":"1","menu":"1","basekit_objects_ref":null,"modified":"2019-06-27 14:44:52","redirection":null,"priority":"1","changefreq":"monthly","can_publish":"1","headScript":"","bodyScript":"","status":"active","theme_ref":"1","color_swatch_ref":"1","font_swatch_ref":"1","password":null,"do_sub_page":"0","do_default":"0","templateType":"home","hiddenFromNavigation":"1","exclude_from_sitemap":"0","excludeFromPageLimit":"0","siteRef":"143","language":null},{"ref":"1558","request":"hero","title":"Hero","seo_title":"","keywords":"","description":"","parent_id":"0","display_order":"4","type":"page","template_ref":"1","menu":"1","basekit_objects_ref":null,"modified":"2019-06-27 14:48:05","redirection":null,"priority":"0","changefreq":"monthly","can_publish":"1","headScript":null,"bodyScript":null,"status":"active","theme_ref":"1","color_swatch_ref":"1","font_swatch_ref":"1","password":null,"do_sub_page":"0","do_default":"0","templateType":"default","hiddenFromNavigation":"0","exclude_from_sitemap":"0","excludeFromPageLimit":"0","siteRef":"143","language":null},{"ref":"1559","request":"text","title":"Text","seo_title":"","keywords":null,"description":null,"parent_id":"0","display_order":"5","type":"page","template_ref":"1","menu":"1","basekit_objects_ref":null,"modified":"2019-06-27 14:48:05","redirection":null,"priority":"0","changefreq":"monthly","can_publish":"1","headScript":null,"bodyScript":null,"status":"active","theme_ref":"1","color_swatch_ref":"1","font_swatch_ref":"1","password":null,"do_sub_page":"0","do_default":"0","templateType":"default","hiddenFromNavigation":"0","exclude_from_sitemap":"0","excludeFromPageLimit":"0","siteRef":"143","language":null},{"ref":"1560","request":"images","title":"Images","seo_title":"","keywords":null,"description":null,"parent_id":"0","display_order":"6","type":"page","template_ref":"1","menu":"1","basekit_objects_ref":null,"modified":"2019-06-27 14:48:05","redirection":null,"priority":"0","changefreq":"monthly","can_publish":"1","headScript":null,"bodyScript":null,"status":"active","theme_ref":"1","color_swatch_ref":"1","font_swatch_ref":"1","password":null,"do_sub_page":"0","do_default":"0","templateType":"default","hiddenFromNavigation":"0","exclude_from_sitemap":"0","excludeFromPageLimit":"0","siteRef":"143","language":null},{"ref":"1561","request":"gallery-slideshow","title":"Gallery & Slideshow","seo_title":"","keywords":null,"description":null,"parent_id":"0","display_order":"7","type":"page","template_ref":"1","menu":"1","basekit_objects_ref":null,"modified":"2019-06-27 14:48:05","redirection":null,"priority":"0","changefreq":"monthly","can_publish":"1","headScript":null,"bodyScript":null,"status":"active","theme_ref":"1","color_swatch_ref":"1","font_swatch_ref":"1","password":null,"do_sub_page":"0","do_default":"0","templateType":"default","hiddenFromNavigation":"0","exclude_from_sitemap":"0","excludeFromPageLimit":"0","siteRef":"143","language":null},{"ref":"1562","request":"form","title":"Form","seo_title":"","keywords":null,"description":null,"parent_id":"0","display_order":"8","type":"page","template_ref":"1","menu":"1","basekit_objects_ref":null,"modified":"2019-06-27 14:48:05","redirection":null,"priority":"0","changefreq":"monthly","can_publish":"1","headScript":null,"bodyScript":null,"status":"active","theme_ref":"1","color_swatch_ref":"1","font_swatch_ref":"1","password":null,"do_sub_page":"0","do_default":"0","templateType":"default","hiddenFromNavigation":"0","exclude_from_sitemap":"0","excludeFromPageLimit":"0","siteRef":"143","language":null},{"ref":"1563","request":"contact","title":"Contact","seo_title":"","keywords":null,"description":null,"parent_id":"0","display_order":"9","type":"page","template_ref":"1","menu":"1","basekit_objects_ref":null,"modified":"2019-06-27 14:48:05","redirection":null,"priority":"0","changefreq":"monthly","can_publish":"1","headScript":null,"bodyScript":null,"status":"active","theme_ref":"1","color_swatch_ref":"1","font_swatch_ref":"1","password":null,"do_sub_page":"0","do_default":"0","templateType":"default","hiddenFromNavigation":"0","exclude_from_sitemap":"0","excludeFromPageLimit":"0","siteRef":"143","language":null},{"ref":"1564","request":"promotional","title":"Promotional","seo_title":"","keywords":null,"description":null,"parent_id":"0","display_order":"10","type":"page","template_ref":"1","menu":"1","basekit_objects_ref":null,"modified":"2019-06-27 14:48:05","redirection":null,"priority":"0","changefreq":"monthly","can_publish":"1","headScript":null,"bodyScript":null,"status":"active","theme_ref":"1","color_swatch_ref":"1","font_swatch_ref":"1","password":null,"do_sub_page":"0","do_default":"0","templateType":"default","hiddenFromNavigation":"0","exclude_from_sitemap":"0","excludeFromPageLimit":"0","siteRef":"143","language":null},{"ref":"1565","request":"social","title":"Social","seo_title":"","keywords":null,"description":null,"parent_id":"0","display_order":"11","type":"page","template_ref":"1","menu":"1","basekit_objects_ref":null,"modified":"2019-06-27 14:48:05","redirection":null,"priority":"0","changefreq":"monthly","can_publish":"1","headScript":null,"bodyScript":null,"status":"active","theme_ref":"1","color_swatch_ref":"1","font_swatch_ref":"1","password":null,"do_sub_page":"0","do_default":"0","templateType":"default","hiddenFromNavigation":"0","exclude_from_sitemap":"0","excludeFromPageLimit":"0","siteRef":"143","language":null},{"ref":"1566","request":"page-title","title":"Page Title","seo_title":"","keywords":null,"description":null,"parent_id":"0","display_order":"12","type":"page","template_ref":"1","menu":"1","basekit_objects_ref":null,"modified":"2019-06-27 14:48:05","redirection":null,"priority":"0","changefreq":"monthly","can_publish":"1","headScript":null,"bodyScript":null,"status":"active","theme_ref":"1","color_swatch_ref":"1","font_swatch_ref":"1","password":null,"do_sub_page":"0","do_default":"0","templateType":"default","hiddenFromNavigation":"0","exclude_from_sitemap":"0","excludeFromPageLimit":"0","siteRef":"143","language":null},{"ref":"1567","request":"video-audio","title":"Video & Audio","seo_title":"","keywords":null,"description":null,"parent_id":"0","display_order":"13","type":"page","template_ref":"1","menu":"1","basekit_objects_ref":null,"modified":"2019-06-27 14:48:05","redirection":null,"priority":"0","changefreq":"monthly","can_publish":"1","headScript":null,"bodyScript":null,"status":"active","theme_ref":"1","color_swatch_ref":"1","font_swatch_ref":"1","password":null,"do_sub_page":"0","do_default":"0","templateType":"default","hiddenFromNavigation":"0","exclude_from_sitemap":"0","excludeFromPageLimit":"0","siteRef":"143","language":null},{"ref":"1568","request":"files","title":"Files","seo_title":"","keywords":null,"description":null,"parent_id":"0","display_order":"14","type":"page","template_ref":"1","menu":"1","basekit_objects_ref":null,"modified":"2019-06-27 14:48:05","redirection":null,"priority":"0","changefreq":"monthly","can_publish":"1","headScript":null,"bodyScript":null,"status":"active","theme_ref":"1","color_swatch_ref":"1","font_swatch_ref":"1","password":null,"do_sub_page":"0","do_default":"0","templateType":"default","hiddenFromNavigation":"0","exclude_from_sitemap":"0","excludeFromPageLimit":"0","siteRef":"143","language":null},{"ref":"1569","request":"embed","title":"Embed","seo_title":"","keywords":null,"description":null,"parent_id":"0","display_order":"15","type":"page","template_ref":"1","menu":"1","basekit_objects_ref":null,"modified":"2019-06-27 14:48:05","redirection":null,"priority":"0","changefreq":"monthly","can_publish":"1","headScript":null,"bodyScript":null,"status":"active","theme_ref":"1","color_swatch_ref":"1","font_swatch_ref":"1","password":null,"do_sub_page":"0","do_default":"0","templateType":"default","hiddenFromNavigation":"0","exclude_from_sitemap":"0","excludeFromPageLimit":"0","siteRef":"143","language":null},{"ref":"1570","request":"store1","title":"Store","seo_title":"","keywords":null,"description":null,"parent_id":"0","display_order":"16","type":"page","template_ref":"1","menu":"1","basekit_objects_ref":null,"modified":"2019-06-27 14:48:05","redirection":null,"priority":"0","changefreq":"monthly","can_publish":"1","headScript":null,"bodyScript":null,"status":"active","theme_ref":"1","color_swatch_ref":"1","font_swatch_ref":"1","password":null,"do_sub_page":"0","do_default":"0","templateType":"default","hiddenFromNavigation":"0","exclude_from_sitemap":"0","excludeFromPageLimit":"0","siteRef":"143","language":null},{"ref":"1571","request":"paypal","title":"Paypal","seo_title":"","keywords":null,"description":null,"parent_id":"0","display_order":"17","type":"page","template_ref":"1","menu":"1","basekit_objects_ref":null,"modified":"2019-06-27 14:48:05","redirection":null,"priority":"0","changefreq":"monthly","can_publish":"1","headScript":null,"bodyScript":null,"status":"active","theme_ref":"1","color_swatch_ref":"1","font_swatch_ref":"1","password":null,"do_sub_page":"0","do_default":"0","templateType":"default","hiddenFromNavigation":"0","exclude_from_sitemap":"0","excludeFromPageLimit":"0","siteRef":"143","language":null},{"ref":"1572","request":"widgets-sections","title":"Widgets in sections","seo_title":"","keywords":"","description":"","parent_id":"0","display_order":"2","type":"page","template_ref":"1","menu":"1","basekit_objects_ref":null,"modified":"2019-06-27 14:46:24","redirection":null,"priority":"0","changefreq":"monthly","can_publish":"1","headScript":null,"bodyScript":null,"status":"active","theme_ref":"1","color_swatch_ref":"1","font_swatch_ref":"1","password":null,"do_sub_page":"0","do_default":"0","templateType":"default","hiddenFromNavigation":"0","exclude_from_sitemap":"0","excludeFromPageLimit":"0","siteRef":"143","language":null},{"ref":"2004","request":"image-text","title":"Image & Text","seo_title":"Image & Text","keywords":"","description":"","parent_id":"0","display_order":"3","type":"page","template_ref":"1","menu":"1","basekit_objects_ref":null,"modified":"2019-06-27 14:48:05","redirection":null,"priority":"0","changefreq":"monthly","can_publish":"1","headScript":null,"bodyScript":null,"status":"active","theme_ref":"1","color_swatch_ref":"1","font_swatch_ref":"1","password":null,"do_sub_page":"0","do_default":"0","templateType":"default","hiddenFromNavigation":"0","exclude_from_sitemap":"0","excludeFromPageLimit":"0","siteRef":"143","language":null}]