[{"ref":"26638","name":"@font-swatch1-font-family","value":"\"Lato\", Geneva, Tahoma, sans-serif","siteRef":"165"},{"ref":"26639","name":"@font-swatch1-font-size","value":"30px","siteRef":"165"},{"ref":"26640","name":"@font-swatch1-font-weight","value":"500","siteRef":"165"},{"ref":"26641","name":"@font-swatch1-line-height","value":"36px","siteRef":"165"},{"ref":"26642","name":"@font-swatch1-color","value":"@color-swatch2","siteRef":"165"},{"ref":"26643","name":"@font-swatch2-font-family","value":"\"Lato\", Geneva, Tahoma, sans-serif","siteRef":"165"},{"ref":"26644","name":"@font-swatch2-font-size","value":"28px","siteRef":"165"},{"ref":"26645","name":"@font-swatch2-font-weight","value":"inherit","siteRef":"165"},{"ref":"26646","name":"@font-swatch2-line-height","value":"36px","siteRef":"165"},{"ref":"26647","name":"@font-swatch2-color","value":"@color-swatch4","siteRef":"165"},{"ref":"26648","name":"@font-swatch3-font-family","value":"\"Lato\", Geneva, Tahoma, sans-serif","siteRef":"165"},{"ref":"26649","name":"@font-swatch3-font-size","value":"22px","siteRef":"165"},{"ref":"26650","name":"@font-swatch3-font-weight","value":"inherit","siteRef":"165"},{"ref":"26651","name":"@font-swatch3-line-height","value":"28px","siteRef":"165"},{"ref":"26652","name":"@font-swatch3-color","value":"@color-swatch4","siteRef":"165"},{"ref":"26653","name":"@font-swatch4-font-family","value":"\"Lato\", Geneva, Tahoma, sans-serif","siteRef":"165"},{"ref":"26654","name":"@font-swatch4-font-size","value":"16px","siteRef":"165"},{"ref":"26655","name":"@font-swatch4-font-weight","value":"inherit","siteRef":"165"},{"ref":"26656","name":"@font-swatch4-line-height","value":"26px","siteRef":"165"},{"ref":"26657","name":"@font-swatch4-color","value":"@color-swatch4","siteRef":"165"},{"ref":"26658","name":"@font-swatch5-font-family","value":"\"Lato\", Geneva, Tahoma, sans-serif","siteRef":"165"},{"ref":"26659","name":"@font-swatch5-font-size","value":"16px","siteRef":"165"},{"ref":"26660","name":"@font-swatch5-font-weight","value":"inherit","siteRef":"165"},{"ref":"26661","name":"@font-swatch5-line-height","value":"28px","siteRef":"165"},{"ref":"26662","name":"@font-swatch5-color","value":"@color-swatch5","siteRef":"165"},{"ref":"26663","name":"@color-swatch1","value":"#ffffff","siteRef":"165"},{"ref":"26664","name":"@color-swatch2","value":"#2e2e2e","siteRef":"165"},{"ref":"26665","name":"@color-swatch3","value":"#43d093","siteRef":"165"},{"ref":"26666","name":"@color-swatch4","value":"#9d9d9d","siteRef":"165"},{"ref":"26667","name":"@color-swatch5","value":"#acacac","siteRef":"165"},{"ref":"26668","name":"@siteBackgroundColor","value":"transparent","siteRef":"165"},{"ref":"26669","name":"@siteBackgroundGradientType","value":"vertical","siteRef":"165"},{"ref":"26670","name":"@siteBackgroundGradientFrom","value":"transparent","siteRef":"165"},{"ref":"26671","name":"@siteBackgroundGradientTo","value":"transparent","siteRef":"165"},{"ref":"26672","name":"@siteBackgroundImageScale","value":"original","siteRef":"165"},{"ref":"26673","name":"@siteBackgroundImage","value":"none","siteRef":"165"},{"ref":"26674","name":"@siteBackgroundPositionX","value":"center","siteRef":"165"},{"ref":"26675","name":"@siteBackgroundPositionY","value":"top","siteRef":"165"},{"ref":"26676","name":"@siteBackgroundRepeat","value":"no-repeat","siteRef":"165"},{"ref":"26677","name":"@font-swatch1-letter-spacing","value":"inherit","siteRef":"165"},{"ref":"26678","name":"@font-swatch2-letter-spacing","value":"inherit","siteRef":"165"},{"ref":"26679","name":"@font-swatch3-letter-spacing","value":"inherit","siteRef":"165"},{"ref":"26680","name":"@font-swatch4-letter-spacing","value":"inherit","siteRef":"165"},{"ref":"26681","name":"@font-swatch5-letter-spacing","value":"inherit","siteRef":"165"},{"ref":"26682","name":"@font-swatch6-font-family","value":"\"Lato\", Geneva, Tahoma, sans-serif","siteRef":"165"},{"ref":"26683","name":"@font-swatch6-font-size","value":"14px","siteRef":"165"},{"ref":"26684","name":"@font-swatch6-font-weight","value":"200","siteRef":"165"},{"ref":"26685","name":"@font-swatch6-line-height","value":"28px","siteRef":"165"},{"ref":"26686","name":"@font-swatch6-letter-spacing","value":"inherit","siteRef":"165"},{"ref":"26687","name":"@font-swatch6-color","value":"@color-swatch6","siteRef":"165"},{"ref":"26688","name":"@font-swatch6-color-hover","value":"darken(@color-swatch6,5%)","siteRef":"165"},{"ref":"26689","name":"@font-swatch6-background-color","value":"@color-swatch1","siteRef":"165"},{"ref":"26690","name":"@font-swatch6-background-color-hover","value":"@color-swatch2","siteRef":"165"},{"ref":"26691","name":"@font-swatch7-font-family","value":"\"Lato\", Geneva, Tahoma, sans-serif","siteRef":"165"},{"ref":"26692","name":"@font-swatch7-font-size","value":"16px","siteRef":"165"},{"ref":"26693","name":"@font-swatch7-font-weight","value":"inherit","siteRef":"165"},{"ref":"26694","name":"@font-swatch7-line-height","value":"26px","siteRef":"165"},{"ref":"26695","name":"@font-swatch7-letter-spacing","value":"inherit","siteRef":"165"},{"ref":"26696","name":"@font-swatch7-color","value":"@color-swatch1","siteRef":"165"},{"ref":"26697","name":"@font-swatch7-background-color","value":"@color-swatch3","siteRef":"165"},{"ref":"26698","name":"@font-swatch7-background-color-hover","value":"darken(@color-swatch3,5%)","siteRef":"165"},{"ref":"26699","name":"@color-swatch6","value":"#ffffff","siteRef":"165"},{"ref":"26700","name":"@color-swatch7","value":"#43d093","siteRef":"165"},{"ref":"26701","name":"@font-swatch8-font-family","value":"\"Lato\", Geneva, Tahoma, sans-serif","siteRef":"165"},{"ref":"26702","name":"@font-swatch8-font-size","value":"50px","siteRef":"165"},{"ref":"26703","name":"@font-swatch8-font-weight","value":"300","siteRef":"165"},{"ref":"26704","name":"@font-swatch8-line-height","value":"60px","siteRef":"165"},{"ref":"26705","name":"@font-swatch8-letter-spacing","value":"inherit","siteRef":"165"},{"ref":"26706","name":"@font-swatch8-color","value":"@color-swatch1","siteRef":"165"},{"ref":"26707","name":"@font-swatch9-font-family","value":"\"Lato\", Geneva, Tahoma, sans-serif","siteRef":"165"},{"ref":"26708","name":"@font-swatch9-font-size","value":"24px","siteRef":"165"},{"ref":"26709","name":"@font-swatch9-font-weight","value":"500","siteRef":"165"},{"ref":"26710","name":"@font-swatch9-line-height","value":"36px","siteRef":"165"},{"ref":"26711","name":"@font-swatch9-letter-spacing","value":"inherit","siteRef":"165"},{"ref":"26712","name":"@font-swatch9-color","value":"@color-swatch1","siteRef":"165"},{"ref":"26713","name":"@font-swatch10-font-family","value":"\"Lato\", Geneva, Tahoma, sans-serif","siteRef":"165"},{"ref":"26714","name":"@font-swatch10-font-size","value":"24px","siteRef":"165"},{"ref":"26715","name":"@font-swatch10-font-weight","value":"400","siteRef":"165"},{"ref":"26716","name":"@font-swatch10-line-height","value":"38px","siteRef":"165"},{"ref":"26717","name":"@font-swatch10-letter-spacing","value":"2px","siteRef":"165"},{"ref":"26718","name":"@font-swatch10-color","value":"@color-swatch2","siteRef":"165"},{"ref":"26719","name":"@color--light","value":"#ffffff","siteRef":"165"},{"ref":"26720","name":"@color--accent","value":"#ffbd00","siteRef":"165"},{"ref":"26721","name":"@color--dark","value":"#242424","siteRef":"165"}]