[{"ref":"23623","name":"@font-swatch1-font-family","value":"\"Lato\", Geneva, Tahoma, sans-serif","siteRef":"143"},{"ref":"23624","name":"@font-swatch1-font-size","value":"30px","siteRef":"143"},{"ref":"23625","name":"@font-swatch1-font-weight","value":"500","siteRef":"143"},{"ref":"23626","name":"@font-swatch1-line-height","value":"36px","siteRef":"143"},{"ref":"23627","name":"@font-swatch1-color","value":"@color-swatch2","siteRef":"143"},{"ref":"23628","name":"@font-swatch2-font-family","value":"\"Lato\", Geneva, Tahoma, sans-serif","siteRef":"143"},{"ref":"23629","name":"@font-swatch2-font-size","value":"28px","siteRef":"143"},{"ref":"23630","name":"@font-swatch2-font-weight","value":"inherit","siteRef":"143"},{"ref":"23631","name":"@font-swatch2-line-height","value":"36px","siteRef":"143"},{"ref":"23632","name":"@font-swatch2-color","value":"@color-swatch4","siteRef":"143"},{"ref":"23633","name":"@font-swatch3-font-family","value":"\"Lato\", Geneva, Tahoma, sans-serif","siteRef":"143"},{"ref":"23634","name":"@font-swatch3-font-size","value":"22px","siteRef":"143"},{"ref":"23635","name":"@font-swatch3-font-weight","value":"inherit","siteRef":"143"},{"ref":"23636","name":"@font-swatch3-line-height","value":"28px","siteRef":"143"},{"ref":"23637","name":"@font-swatch3-color","value":"@color-swatch4","siteRef":"143"},{"ref":"23638","name":"@font-swatch4-font-family","value":"\"Lato\", Geneva, Tahoma, sans-serif","siteRef":"143"},{"ref":"23639","name":"@font-swatch4-font-size","value":"16px","siteRef":"143"},{"ref":"23640","name":"@font-swatch4-font-weight","value":"inherit","siteRef":"143"},{"ref":"23641","name":"@font-swatch4-line-height","value":"26px","siteRef":"143"},{"ref":"23642","name":"@font-swatch4-color","value":"@color-swatch4","siteRef":"143"},{"ref":"23643","name":"@font-swatch5-font-family","value":"\"Lato\", Geneva, Tahoma, sans-serif","siteRef":"143"},{"ref":"23644","name":"@font-swatch5-font-size","value":"16px","siteRef":"143"},{"ref":"23645","name":"@font-swatch5-font-weight","value":"inherit","siteRef":"143"},{"ref":"23646","name":"@font-swatch5-line-height","value":"28px","siteRef":"143"},{"ref":"23647","name":"@font-swatch5-color","value":"@color-swatch5","siteRef":"143"},{"ref":"23648","name":"@color-swatch1","value":"#ffffff","siteRef":"143"},{"ref":"23649","name":"@color-swatch2","value":"#2e2e2e","siteRef":"143"},{"ref":"23650","name":"@color-swatch3","value":"#43d093","siteRef":"143"},{"ref":"23651","name":"@color-swatch4","value":"#9d9d9d","siteRef":"143"},{"ref":"23652","name":"@color-swatch5","value":"#acacac","siteRef":"143"},{"ref":"23653","name":"@siteBackgroundColor","value":"transparent","siteRef":"143"},{"ref":"23654","name":"@siteBackgroundGradientType","value":"vertical","siteRef":"143"},{"ref":"23655","name":"@siteBackgroundGradientFrom","value":"transparent","siteRef":"143"},{"ref":"23656","name":"@siteBackgroundGradientTo","value":"transparent","siteRef":"143"},{"ref":"23657","name":"@siteBackgroundImageScale","value":"original","siteRef":"143"},{"ref":"23658","name":"@siteBackgroundImage","value":"none","siteRef":"143"},{"ref":"23659","name":"@siteBackgroundPositionX","value":"center","siteRef":"143"},{"ref":"23660","name":"@siteBackgroundPositionY","value":"top","siteRef":"143"},{"ref":"23661","name":"@siteBackgroundRepeat","value":"no-repeat","siteRef":"143"},{"ref":"23662","name":"@font-swatch1-letter-spacing","value":"inherit","siteRef":"143"},{"ref":"23663","name":"@font-swatch2-letter-spacing","value":"inherit","siteRef":"143"},{"ref":"23664","name":"@font-swatch3-letter-spacing","value":"inherit","siteRef":"143"},{"ref":"23665","name":"@font-swatch4-letter-spacing","value":"inherit","siteRef":"143"},{"ref":"23666","name":"@font-swatch5-letter-spacing","value":"inherit","siteRef":"143"},{"ref":"23667","name":"@font-swatch6-font-family","value":"\"Lato\", Geneva, Tahoma, sans-serif","siteRef":"143"},{"ref":"23668","name":"@font-swatch6-font-size","value":"14px","siteRef":"143"},{"ref":"23669","name":"@font-swatch6-font-weight","value":"200","siteRef":"143"},{"ref":"23670","name":"@font-swatch6-line-height","value":"28px","siteRef":"143"},{"ref":"23671","name":"@font-swatch6-letter-spacing","value":"inherit","siteRef":"143"},{"ref":"23672","name":"@font-swatch6-color","value":"@color-swatch6","siteRef":"143"},{"ref":"23673","name":"@font-swatch6-color-hover","value":"darken(@color-swatch6,5%)","siteRef":"143"},{"ref":"23674","name":"@font-swatch6-background-color","value":"@color-swatch1","siteRef":"143"},{"ref":"23675","name":"@font-swatch6-background-color-hover","value":"@color-swatch2","siteRef":"143"},{"ref":"23676","name":"@font-swatch7-font-family","value":"\"Lato\", Geneva, Tahoma, sans-serif","siteRef":"143"},{"ref":"23677","name":"@font-swatch7-font-size","value":"16px","siteRef":"143"},{"ref":"23678","name":"@font-swatch7-font-weight","value":"inherit","siteRef":"143"},{"ref":"23679","name":"@font-swatch7-line-height","value":"26px","siteRef":"143"},{"ref":"23680","name":"@font-swatch7-letter-spacing","value":"inherit","siteRef":"143"},{"ref":"23681","name":"@font-swatch7-color","value":"@color-swatch1","siteRef":"143"},{"ref":"23682","name":"@font-swatch7-background-color","value":"@color-swatch3","siteRef":"143"},{"ref":"23683","name":"@font-swatch7-background-color-hover","value":"darken(@color-swatch3,5%)","siteRef":"143"},{"ref":"23684","name":"@color-swatch6","value":"#ffffff","siteRef":"143"},{"ref":"23685","name":"@color-swatch7","value":"#43d093","siteRef":"143"},{"ref":"23686","name":"@font-swatch8-font-family","value":"\"Lato\", Geneva, Tahoma, sans-serif","siteRef":"143"},{"ref":"23687","name":"@font-swatch8-font-size","value":"50px","siteRef":"143"},{"ref":"23688","name":"@font-swatch8-font-weight","value":"300","siteRef":"143"},{"ref":"23689","name":"@font-swatch8-line-height","value":"60px","siteRef":"143"},{"ref":"23690","name":"@font-swatch8-letter-spacing","value":"inherit","siteRef":"143"},{"ref":"23691","name":"@font-swatch8-color","value":"@color-swatch1","siteRef":"143"},{"ref":"23692","name":"@font-swatch9-font-family","value":"\"Lato\", Geneva, Tahoma, sans-serif","siteRef":"143"},{"ref":"23693","name":"@font-swatch9-font-size","value":"24px","siteRef":"143"},{"ref":"23694","name":"@font-swatch9-font-weight","value":"500","siteRef":"143"},{"ref":"23695","name":"@font-swatch9-line-height","value":"36px","siteRef":"143"},{"ref":"23696","name":"@font-swatch9-letter-spacing","value":"inherit","siteRef":"143"},{"ref":"23697","name":"@font-swatch9-color","value":"@color-swatch1","siteRef":"143"},{"ref":"23698","name":"@font-swatch10-font-family","value":"\"Lato\", Geneva, Tahoma, sans-serif","siteRef":"143"},{"ref":"23699","name":"@font-swatch10-font-size","value":"24px","siteRef":"143"},{"ref":"23700","name":"@font-swatch10-font-weight","value":"400","siteRef":"143"},{"ref":"23701","name":"@font-swatch10-line-height","value":"38px","siteRef":"143"},{"ref":"23702","name":"@font-swatch10-letter-spacing","value":"2px","siteRef":"143"},{"ref":"23703","name":"@font-swatch10-color","value":"@color-swatch2","siteRef":"143"},{"ref":"23704","name":"@color--light","value":"#ffffff","siteRef":"143"},{"ref":"23705","name":"@color--accent","value":"#43d093","siteRef":"143"},{"ref":"23706","name":"@color--dark","value":"#2e2e2e","siteRef":"143"}]