[{"ref":"1152","pageRef":"1554","route":"home","location":"","type":"page","created":"2019-04-24 10:51:37","updated":"2019-04-24 10:51:37","siteRef":"143"},{"ref":"1156","pageRef":"1558","route":"hero","location":"","type":"page","created":"2019-04-29 14:50:14","updated":"2019-04-29 14:50:50","siteRef":"143"},{"ref":"1157","pageRef":"1559","route":"text","location":"","type":"page","created":"2019-04-29 14:51:02","updated":"2019-04-29 14:51:02","siteRef":"143"},{"ref":"1158","pageRef":"1560","route":"images","location":"","type":"page","created":"2019-04-29 14:51:09","updated":"2019-04-29 14:51:09","siteRef":"143"},{"ref":"1159","pageRef":"1561","route":"gallery-slideshow","location":"","type":"page","created":"2019-04-29 14:51:30","updated":"2019-04-29 14:51:30","siteRef":"143"},{"ref":"1160","pageRef":"1562","route":"form","location":"","type":"page","created":"2019-04-29 14:51:41","updated":"2019-04-29 14:51:41","siteRef":"143"},{"ref":"1161","pageRef":"1563","route":"contact","location":"","type":"page","created":"2019-04-29 14:51:56","updated":"2019-04-29 14:51:56","siteRef":"143"},{"ref":"1162","pageRef":"1564","route":"promotional","location":"","type":"page","created":"2019-04-29 14:52:05","updated":"2019-04-29 14:52:05","siteRef":"143"},{"ref":"1163","pageRef":"1565","route":"social","location":"","type":"page","created":"2019-04-29 14:52:16","updated":"2019-04-29 14:52:16","siteRef":"143"},{"ref":"1164","pageRef":"1566","route":"page-title","location":"","type":"page","created":"2019-04-29 14:52:24","updated":"2019-04-29 14:52:24","siteRef":"143"},{"ref":"1165","pageRef":"1567","route":"video-audio","location":"","type":"page","created":"2019-04-29 14:52:44","updated":"2019-04-29 14:52:44","siteRef":"143"},{"ref":"1166","pageRef":"1568","route":"files","location":"","type":"page","created":"2019-04-29 14:52:53","updated":"2019-04-29 14:52:53","siteRef":"143"},{"ref":"1167","pageRef":"1569","route":"embed","location":"","type":"page","created":"2019-04-29 14:53:04","updated":"2019-04-29 14:53:04","siteRef":"143"},{"ref":"1168","pageRef":"1570","route":"store1","location":"","type":"page","created":"2019-04-29 14:53:15","updated":"2019-04-29 14:53:15","siteRef":"143"},{"ref":"1169","pageRef":"1571","route":"paypal","location":"","type":"page","created":"2019-04-29 14:53:28","updated":"2019-04-29 14:53:28","siteRef":"143"},{"ref":"1170","pageRef":"1572","route":"widgets-sections","location":"","type":"page","created":"2019-05-08 13:36:10","updated":"2019-05-08 13:41:31","siteRef":"143"},{"ref":"1831","pageRef":"2004","route":"image-text","location":"","type":"page","created":"2019-06-27 15:47:55","updated":"2019-06-27 15:47:55","siteRef":"143"}]