[{"ref":"1859","pageRef":"2038","route":"home","location":"","type":"page","created":"2019-04-24 10:51:37","updated":"2019-04-24 10:51:37","siteRef":"165"},{"ref":"1860","pageRef":"2039","route":"hero","location":"","type":"page","created":"2019-04-29 14:50:14","updated":"2019-04-29 14:50:50","siteRef":"165"},{"ref":"1861","pageRef":"2040","route":"text","location":"","type":"page","created":"2019-04-29 14:51:02","updated":"2019-04-29 14:51:02","siteRef":"165"},{"ref":"1862","pageRef":"2041","route":"images","location":"","type":"page","created":"2019-04-29 14:51:09","updated":"2019-04-29 14:51:09","siteRef":"165"},{"ref":"1863","pageRef":"2042","route":"gallery-slideshow","location":"","type":"page","created":"2019-04-29 14:51:30","updated":"2019-04-29 14:51:30","siteRef":"165"},{"ref":"1864","pageRef":"2043","route":"form","location":"","type":"page","created":"2019-04-29 14:51:41","updated":"2019-04-29 14:51:41","siteRef":"165"},{"ref":"1865","pageRef":"2044","route":"contact","location":"","type":"page","created":"2019-04-29 14:51:56","updated":"2019-04-29 14:51:56","siteRef":"165"},{"ref":"1866","pageRef":"2045","route":"promotional","location":"","type":"page","created":"2019-04-29 14:52:05","updated":"2019-04-29 14:52:05","siteRef":"165"},{"ref":"1867","pageRef":"2046","route":"social","location":"","type":"page","created":"2019-04-29 14:52:16","updated":"2019-04-29 14:52:16","siteRef":"165"},{"ref":"1868","pageRef":"2047","route":"page-title","location":"","type":"page","created":"2019-04-29 14:52:24","updated":"2019-04-29 14:52:24","siteRef":"165"},{"ref":"1869","pageRef":"2048","route":"video-audio","location":"","type":"page","created":"2019-04-29 14:52:44","updated":"2019-04-29 14:52:44","siteRef":"165"},{"ref":"1870","pageRef":"2049","route":"files","location":"","type":"page","created":"2019-04-29 14:52:53","updated":"2019-04-29 14:52:53","siteRef":"165"},{"ref":"1871","pageRef":"2050","route":"embed","location":"","type":"page","created":"2019-04-29 14:53:04","updated":"2019-04-29 14:53:04","siteRef":"165"},{"ref":"1872","pageRef":"2051","route":"store1","location":"","type":"page","created":"2019-04-29 14:53:15","updated":"2019-04-29 14:53:15","siteRef":"165"},{"ref":"1873","pageRef":"2052","route":"paypal","location":"","type":"page","created":"2019-04-29 14:53:28","updated":"2019-04-29 14:53:28","siteRef":"165"},{"ref":"1874","pageRef":"2053","route":"widgets-sections","location":"","type":"page","created":"2019-05-08 13:36:10","updated":"2019-05-08 13:41:31","siteRef":"165"},{"ref":"1875","pageRef":"2054","route":"image-text","location":"","type":"page","created":"2019-06-27 15:47:55","updated":"2019-06-27 15:47:55","siteRef":"165"},{"ref":"1879","pageRef":"2058","route":"logos","location":"","type":"page","created":"2019-07-02 11:36:48","updated":"2019-07-02 11:36:48","siteRef":"165"}]