{"ref":"852","stateCacheRef":"75","pageRef":null,"data":{"children":[{"ref":"8992","page_id":"902","id":"page-zones__main","name":"5cc6f9cec49f8","type":"Widget.row","collection":"widgets","position":"0","data":null,"template_ref":"0","library_item_ref":"0","siteRef":"97","uniqueId":"7Zyp8L3vrt1iWV4","language":null},{"ref":"8993","page_id":"902","id":"page-zones__main-widgets__5cc6f9cec49f8","name":"5cc6f9ceda389","type":"Widget.Blogpost","collection":"widgets","position":"0","data":null,"template_ref":"0","library_item_ref":"0","siteRef":"97","uniqueId":"7WDWi8bkYkLCe83","language":null},{"ref":"8991","page_id":"902","id":"page","name":"main","type":"Widget.Template","collection":"zones","position":"1","data":null,"template_ref":"0","library_item_ref":"0","siteRef":"97","uniqueId":"JKhZUVx6WndnZzy","language":null}],"values":[{"ref":"32696","page_id":"902","id":"page-zones__main-widgets__5cc6f9cec49f8","name":"backgroundType","value":"color","template_ref":"0","library_item_ref":"0","siteRef":"97"},{"ref":"32697","page_id":"902","id":"page-zones__main-widgets__5cc6f9cec49f8","name":"height","value":"default","template_ref":"0","library_item_ref":"0","siteRef":"97"},{"ref":"32698","page_id":"902","id":"page-zones__main-widgets__5cc6f9cec49f8","name":"horizontalAlignment","value":"center","template_ref":"0","library_item_ref":"0","siteRef":"97"},{"ref":"32699","page_id":"902","id":"page-zones__main-widgets__5cc6f9cec49f8","name":"layout","value":"","template_ref":"0","library_item_ref":"0","siteRef":"97"},{"ref":"32700","page_id":"902","id":"page-zones__main-widgets__5cc6f9cec49f8","name":"width","value":"contained","template_ref":"0","library_item_ref":"0","siteRef":"97"},{"ref":"32701","page_id":"902","id":"page-zones__main-widgets__5cc6f9cec49f8","name":"style","value":"light","template_ref":"0","library_item_ref":"0","siteRef":"97"},{"ref":"32702","page_id":"902","id":"page-zones__main-widgets__5cc6f9cec49f8","name":"verticalAlignment","value":"top","template_ref":"0","library_item_ref":"0","siteRef":"97"},{"ref":"32703","page_id":"902","id":"page-zones__main-widgets__5cc6f9cec49f8","name":"immutable","value":"1","template_ref":"0","library_item_ref":"0","siteRef":"97"},{"ref":"32704","page_id":"902","id":"page-zones__main-widgets__5cc6f9cec49f8","name":"originalRowTemplateId","value":null,"template_ref":"0","library_item_ref":"0","siteRef":"97"},{"ref":"32705","page_id":"902","id":"page-zones__main-widgets__5cc6f9cec49f8-widgets__5cc6f9ceda389","name":"immutable","value":"1","template_ref":"0","library_item_ref":"0","siteRef":"97"}],"publishVersion":"1","lastPublishTimeStamp":"0"},"checksum":"2741390dcb7bde6fc3120a0421fc17e945645e18","siteRef":"143"}