{"ref":"1423","stateCacheRef":"107","pageRef":null,"data":{"children":[{"ref":"8995","page_id":"903","id":"page-zones__main","name":"5cc6f9cf0b032","type":"Widget.row","collection":"widgets","position":"0","data":null,"template_ref":"0","library_item_ref":"0","siteRef":"97","uniqueId":"13aD0jBEvYZcM3n","language":null},{"ref":"8996","page_id":"903","id":"page-zones__main-widgets__5cc6f9cf0b032","name":"5cc6f9cf20759","type":"Widget.Blogpostlist","collection":"widgets","position":"0","data":null,"template_ref":"0","library_item_ref":"0","siteRef":"97","uniqueId":"z3JZO0g2TTdO05Z","language":null},{"ref":"8994","page_id":"903","id":"page","name":"main","type":"Widget.Template","collection":"zones","position":"1","data":null,"template_ref":"0","library_item_ref":"0","siteRef":"97","uniqueId":"u7E32PWAPBKR7dO","language":null}],"values":[{"ref":"32706","page_id":"903","id":"page-zones__main-widgets__5cc6f9cf0b032","name":"backgroundType","value":"color","template_ref":"0","library_item_ref":"0","siteRef":"97"},{"ref":"32707","page_id":"903","id":"page-zones__main-widgets__5cc6f9cf0b032","name":"height","value":"default","template_ref":"0","library_item_ref":"0","siteRef":"97"},{"ref":"32708","page_id":"903","id":"page-zones__main-widgets__5cc6f9cf0b032","name":"horizontalAlignment","value":"center","template_ref":"0","library_item_ref":"0","siteRef":"97"},{"ref":"32709","page_id":"903","id":"page-zones__main-widgets__5cc6f9cf0b032","name":"layout","value":"","template_ref":"0","library_item_ref":"0","siteRef":"97"},{"ref":"32710","page_id":"903","id":"page-zones__main-widgets__5cc6f9cf0b032","name":"width","value":"contained","template_ref":"0","library_item_ref":"0","siteRef":"97"},{"ref":"32711","page_id":"903","id":"page-zones__main-widgets__5cc6f9cf0b032","name":"style","value":"light","template_ref":"0","library_item_ref":"0","siteRef":"97"},{"ref":"32712","page_id":"903","id":"page-zones__main-widgets__5cc6f9cf0b032","name":"verticalAlignment","value":"top","template_ref":"0","library_item_ref":"0","siteRef":"97"},{"ref":"32713","page_id":"903","id":"page-zones__main-widgets__5cc6f9cf0b032","name":"immutable","value":"1","template_ref":"0","library_item_ref":"0","siteRef":"97"},{"ref":"32714","page_id":"903","id":"page-zones__main-widgets__5cc6f9cf0b032","name":"originalRowTemplateId","value":null,"template_ref":"0","library_item_ref":"0","siteRef":"97"},{"ref":"32715","page_id":"903","id":"page-zones__main-widgets__5cc6f9cf0b032-widgets__5cc6f9cf20759","name":"immutable","value":"1","template_ref":"0","library_item_ref":"0","siteRef":"97"}],"publishVersion":"1","lastPublishTimeStamp":"0"},"checksum":"2741390dcb7bde6fc3120a0421fc17e945645e18","siteRef":"165"}