[{"ref":"1332","id":"logo-logo","name":"defaultlogo","value":"\/\/d35onr1h4eb0bw.cloudfront.net\/2b52295e9d\/templates\/broad\/images\/logo.png","created":"2019-04-24 10:56:53","updated":"2019-04-24 10:56:53","siteRef":"143","language":null},{"ref":"1333","id":"logo-logo","name":"preset","value":null,"created":"2019-04-24 10:56:53","updated":"2019-04-24 10:56:53","siteRef":"143","language":null},{"ref":"1334","id":"logo-logo","name":"presetRef","value":null,"created":"2019-04-24 10:56:53","updated":"2019-04-24 10:56:53","siteRef":"143","language":null},{"ref":"1335","id":"logo-logo","name":"uniqueId","value":null,"created":"2019-04-24 10:56:53","updated":"2019-04-24 10:56:53","siteRef":"143","language":null},{"ref":"1336","id":"logo-logo","name":"useTemplate","value":"0","created":"2019-04-24 10:56:53","updated":"2019-04-24 11:14:08","siteRef":"143","language":null},{"ref":"1337","id":"logo-logo","name":"width","value":"210px","created":"2019-04-24 10:56:53","updated":"2019-04-24 11:14:08","siteRef":"143","language":null},{"ref":"1338","id":"feature-featurehome","name":"header","value":"Feature header text","created":"2019-04-29 16:30:07","updated":"2019-04-29 16:30:07","siteRef":"143","language":null},{"ref":"1339","id":"feature-featurehome","name":"strapline","value":"Feature stapline text","created":"2019-04-29 16:30:07","updated":"2019-04-29 16:34:20","siteRef":"143","language":null},{"ref":"1340","id":"feature-featurehome","name":"defaultBgImg","value":"\/\/55b558c7-resources.dev.basekit.technology\/5s9w5tnc\/templates\/broad\/images\/feature-bg.jpg","created":"2019-04-29 16:30:07","updated":"2019-04-29 16:30:07","siteRef":"143","language":null},{"ref":"1341","id":"feature-featurehome","name":"positionTopPercentage","value":"0","created":"2019-04-29 16:30:07","updated":"2019-04-29 16:30:07","siteRef":"143","language":null},{"ref":"1342","id":"feature-featurehome","name":"showBtn","value":"1","created":"2019-04-29 16:30:07","updated":"2019-04-29 16:30:07","siteRef":"143","language":null},{"ref":"1343","id":"feature-featurehome","name":"preset","value":null,"created":"2019-04-29 16:30:07","updated":"2019-04-29 16:30:07","siteRef":"143","language":null},{"ref":"1344","id":"feature-featurehome","name":"presetRef","value":null,"created":"2019-04-29 16:30:07","updated":"2019-04-29 16:30:07","siteRef":"143","language":null},{"ref":"1345","id":"feature-featurehome","name":"uniqueId","value":null,"created":"2019-04-29 16:30:07","updated":"2019-04-29 16:30:07","siteRef":"143","language":null},{"ref":"1346","id":"feature-featurehome","name":"bgImg","value":"","created":"2019-04-29 16:30:07","updated":"2019-04-29 16:30:07","siteRef":"143","language":null},{"ref":"1347","id":"feature-featurehome","name":"newBgImg","value":"","created":"2019-04-29 16:30:07","updated":"2019-04-29 16:30:07","siteRef":"143","language":null},{"ref":"1348","id":"feature-featurehome","name":"url","value":"","created":"2019-04-29 16:30:07","updated":"2019-04-29 16:30:07","siteRef":"143","language":null},{"ref":"1349","id":"feature-featurehome","name":"action","value":"none","created":"2019-04-29 16:30:07","updated":"2019-04-29 16:30:07","siteRef":"143","language":null},{"ref":"1350","id":"feature-featurehome","name":"buttonText","value":"Feature Button","created":"2019-04-29 16:30:07","updated":"2019-04-29 16:30:07","siteRef":"143","language":null},{"ref":"1351","id":"feature-featurehome","name":"target","value":"New","created":"2019-04-29 16:30:07","updated":"2019-04-29 16:30:07","siteRef":"143","language":null},{"ref":"1352","id":"feature-featurehome","name":"showTplWidget","value":"1","created":"2019-06-17 17:24:18","updated":"2019-06-17 17:24:31","siteRef":"143","language":null},{"ref":"1359","id":"companyname-companyname","name":"business","value":"profile","created":"2019-06-27 15:46:19","updated":"2019-06-27 15:46:19","siteRef":"143","language":null},{"ref":"1360","id":"companyname-companyname","name":"preset","value":null,"created":"2019-06-27 15:46:19","updated":"2019-06-27 15:46:19","siteRef":"143","language":null},{"ref":"1361","id":"companyname-companyname","name":"presetRef","value":null,"created":"2019-06-27 15:46:19","updated":"2019-06-27 15:46:19","siteRef":"143","language":null},{"ref":"1362","id":"companyname-companyname","name":"uniqueId","value":null,"created":"2019-06-27 15:46:19","updated":"2019-06-27 15:46:19","siteRef":"143","language":null},{"ref":"1363","id":"companyname-companyname","name":"companyname","value":"Section testing","created":"2019-06-27 15:46:19","updated":"2019-06-27 15:46:19","siteRef":"143","language":null}]