{"ref":"856","stateCacheRef":"75","pageRef":null,"data":{"children":[{"ref":"9005","page_id":"906","id":"page-zones__main","name":"5cc6fcc9e6061","type":"Widget.row","collection":"widgets","position":"0","data":null,"template_ref":"0","library_item_ref":"0","siteRef":"97","uniqueId":"GpNh00LpcVKpFdW","language":null},{"ref":"9006","page_id":"906","id":"page-zones__main-widgets__5cc6fcc9e6061","name":"5cc6fcca05551","type":"Widget.Ecombasketsummary","collection":"widgets","position":"0","data":null,"template_ref":"0","library_item_ref":"0","siteRef":"97","uniqueId":"GH3mvz5GRm5s2Cy","language":null},{"ref":"9004","page_id":"906","id":"page","name":"main","type":"Widget.Template","collection":"zones","position":"1","data":null,"template_ref":"0","library_item_ref":"0","siteRef":"97","uniqueId":"PMBb4345VW1qYAh","language":null}],"values":[{"ref":"32736","page_id":"906","id":"page-zones__main-widgets__5cc6fcc9e6061","name":"backgroundType","value":"color","template_ref":"0","library_item_ref":"0","siteRef":"97"},{"ref":"32737","page_id":"906","id":"page-zones__main-widgets__5cc6fcc9e6061","name":"height","value":"default","template_ref":"0","library_item_ref":"0","siteRef":"97"},{"ref":"32738","page_id":"906","id":"page-zones__main-widgets__5cc6fcc9e6061","name":"horizontalAlignment","value":"center","template_ref":"0","library_item_ref":"0","siteRef":"97"},{"ref":"32739","page_id":"906","id":"page-zones__main-widgets__5cc6fcc9e6061","name":"layout","value":"","template_ref":"0","library_item_ref":"0","siteRef":"97"},{"ref":"32740","page_id":"906","id":"page-zones__main-widgets__5cc6fcc9e6061","name":"width","value":"contained","template_ref":"0","library_item_ref":"0","siteRef":"97"},{"ref":"32741","page_id":"906","id":"page-zones__main-widgets__5cc6fcc9e6061","name":"style","value":"light","template_ref":"0","library_item_ref":"0","siteRef":"97"},{"ref":"32742","page_id":"906","id":"page-zones__main-widgets__5cc6fcc9e6061","name":"verticalAlignment","value":"top","template_ref":"0","library_item_ref":"0","siteRef":"97"},{"ref":"32743","page_id":"906","id":"page-zones__main-widgets__5cc6fcc9e6061","name":"immutable","value":"1","template_ref":"0","library_item_ref":"0","siteRef":"97"},{"ref":"32744","page_id":"906","id":"page-zones__main-widgets__5cc6fcc9e6061","name":"originalRowTemplateId","value":null,"template_ref":"0","library_item_ref":"0","siteRef":"97"},{"ref":"32745","page_id":"906","id":"page-zones__main-widgets__5cc6fcc9e6061-widgets__5cc6fcca05551","name":"immutable","value":"1","template_ref":"0","library_item_ref":"0","siteRef":"97"}],"publishVersion":"1","lastPublishTimeStamp":"0"},"checksum":"2741390dcb7bde6fc3120a0421fc17e945645e18","siteRef":"143"}