{"ref":"854","stateCacheRef":"75","pageRef":null,"data":{"children":[{"ref":"8998","page_id":"904","id":"page-zones__main","name":"5cc6fcc991b50","type":"Widget.row","collection":"widgets","position":"0","data":null,"template_ref":"0","library_item_ref":"0","siteRef":"97","uniqueId":"zJV5HCey9SIgEGf","language":null},{"ref":"8999","page_id":"904","id":"page-zones__main-widgets__5cc6fcc991b50","name":"5cc6fcc9a09ca","type":"Widget.Content","collection":"widgets","position":"0","data":null,"template_ref":"0","library_item_ref":"0","siteRef":"97","uniqueId":"OToF1gkThdm6DOP","language":null},{"ref":"8997","page_id":"904","id":"page","name":"main","type":"Widget.Template","collection":"zones","position":"1","data":null,"template_ref":"0","library_item_ref":"0","siteRef":"97","uniqueId":"rykHINlpo0vUtxK","language":null},{"ref":"9000","page_id":"904","id":"page-zones__main-widgets__5cc6fcc991b50","name":"5cc6fcc9a4c1b","type":"Widget.Content","collection":"widgets","position":"1","data":null,"template_ref":"0","library_item_ref":"0","siteRef":"97","uniqueId":"Dqx9ozwwJX0JbJV","language":null}],"values":[{"ref":"32716","page_id":"904","id":"page-zones__main-widgets__5cc6fcc991b50","name":"backgroundType","value":"color","template_ref":"0","library_item_ref":"0","siteRef":"97"},{"ref":"32717","page_id":"904","id":"page-zones__main-widgets__5cc6fcc991b50","name":"height","value":"default","template_ref":"0","library_item_ref":"0","siteRef":"97"},{"ref":"32718","page_id":"904","id":"page-zones__main-widgets__5cc6fcc991b50","name":"horizontalAlignment","value":"center","template_ref":"0","library_item_ref":"0","siteRef":"97"},{"ref":"32719","page_id":"904","id":"page-zones__main-widgets__5cc6fcc991b50","name":"layout","value":"","template_ref":"0","library_item_ref":"0","siteRef":"97"},{"ref":"32720","page_id":"904","id":"page-zones__main-widgets__5cc6fcc991b50","name":"width","value":"contained","template_ref":"0","library_item_ref":"0","siteRef":"97"},{"ref":"32721","page_id":"904","id":"page-zones__main-widgets__5cc6fcc991b50","name":"style","value":"light","template_ref":"0","library_item_ref":"0","siteRef":"97"},{"ref":"32722","page_id":"904","id":"page-zones__main-widgets__5cc6fcc991b50","name":"verticalAlignment","value":"top","template_ref":"0","library_item_ref":"0","siteRef":"97"},{"ref":"32723","page_id":"904","id":"page-zones__main-widgets__5cc6fcc991b50","name":"originalRowTemplateId","value":null,"template_ref":"0","library_item_ref":"0","siteRef":"97"},{"ref":"32724","page_id":"904","id":"page-zones__main-widgets__5cc6fcc991b50-widgets__5cc6fcc9a09ca","name":"content","value":"<h2>Terms and conditions<\/h2>","template_ref":"0","library_item_ref":"0","siteRef":"97"},{"ref":"32725","page_id":"904","id":"page-zones__main-widgets__5cc6fcc991b50-widgets__5cc6fcc9a4c1b","name":"content","value":"<p> Policy content goes here\u2026<\/p>","template_ref":"0","library_item_ref":"0","siteRef":"97"}],"publishVersion":"1","lastPublishTimeStamp":"0"},"checksum":"2741390dcb7bde6fc3120a0421fc17e945645e18","siteRef":"143"}