[{"ref":"1390","id":"logo-logo","name":"defaultlogo","value":"\/\/d35onr1h4eb0bw.cloudfront.net\/2b52295e9d\/templates\/broad\/images\/logo.png","created":"2019-04-24 10:56:53","updated":"2019-04-24 10:56:53","siteRef":"165","language":null},{"ref":"1391","id":"logo-logo","name":"preset","value":null,"created":"2019-04-24 10:56:53","updated":"2019-04-24 10:56:53","siteRef":"165","language":null},{"ref":"1392","id":"logo-logo","name":"presetRef","value":null,"created":"2019-04-24 10:56:53","updated":"2019-04-24 10:56:53","siteRef":"165","language":null},{"ref":"1393","id":"logo-logo","name":"uniqueId","value":null,"created":"2019-04-24 10:56:53","updated":"2019-04-24 10:56:53","siteRef":"165","language":null},{"ref":"1394","id":"logo-logo","name":"useTemplate","value":"0","created":"2019-04-24 10:56:53","updated":"2019-04-24 11:14:08","siteRef":"165","language":null},{"ref":"1395","id":"logo-logo","name":"width","value":"210px","created":"2019-04-24 10:56:53","updated":"2019-04-24 11:14:08","siteRef":"165","language":null},{"ref":"1396","id":"feature-featurehome","name":"header","value":"Feature header text","created":"2019-04-29 16:30:07","updated":"2019-04-29 16:30:07","siteRef":"165","language":null},{"ref":"1397","id":"feature-featurehome","name":"strapline","value":"Feature stapline text","created":"2019-04-29 16:30:07","updated":"2019-04-29 16:34:20","siteRef":"165","language":null},{"ref":"1398","id":"feature-featurehome","name":"defaultBgImg","value":"\/\/55b558c7-resources.dev.basekit.technology\/5s9w5tnc\/templates\/broad\/images\/feature-bg.jpg","created":"2019-04-29 16:30:07","updated":"2019-04-29 16:30:07","siteRef":"165","language":null},{"ref":"1399","id":"feature-featurehome","name":"positionTopPercentage","value":"0","created":"2019-04-29 16:30:07","updated":"2019-04-29 16:30:07","siteRef":"165","language":null},{"ref":"1400","id":"feature-featurehome","name":"showBtn","value":"1","created":"2019-04-29 16:30:07","updated":"2019-04-29 16:30:07","siteRef":"165","language":null},{"ref":"1401","id":"feature-featurehome","name":"preset","value":null,"created":"2019-04-29 16:30:07","updated":"2019-04-29 16:30:07","siteRef":"165","language":null},{"ref":"1402","id":"feature-featurehome","name":"presetRef","value":null,"created":"2019-04-29 16:30:07","updated":"2019-04-29 16:30:07","siteRef":"165","language":null},{"ref":"1403","id":"feature-featurehome","name":"uniqueId","value":null,"created":"2019-04-29 16:30:07","updated":"2019-04-29 16:30:07","siteRef":"165","language":null},{"ref":"1404","id":"feature-featurehome","name":"bgImg","value":"","created":"2019-04-29 16:30:07","updated":"2019-04-29 16:30:07","siteRef":"165","language":null},{"ref":"1405","id":"feature-featurehome","name":"newBgImg","value":"","created":"2019-04-29 16:30:07","updated":"2019-04-29 16:30:07","siteRef":"165","language":null},{"ref":"1406","id":"feature-featurehome","name":"url","value":"","created":"2019-04-29 16:30:07","updated":"2019-04-29 16:30:07","siteRef":"165","language":null},{"ref":"1407","id":"feature-featurehome","name":"action","value":"none","created":"2019-04-29 16:30:07","updated":"2019-04-29 16:30:07","siteRef":"165","language":null},{"ref":"1408","id":"feature-featurehome","name":"buttonText","value":"Feature Button","created":"2019-04-29 16:30:07","updated":"2019-04-29 16:30:07","siteRef":"165","language":null},{"ref":"1409","id":"feature-featurehome","name":"target","value":"New","created":"2019-04-29 16:30:07","updated":"2019-04-29 16:30:07","siteRef":"165","language":null},{"ref":"1410","id":"feature-featurehome","name":"showTplWidget","value":"1","created":"2019-06-17 17:24:18","updated":"2019-06-17 17:24:31","siteRef":"165","language":null},{"ref":"1411","id":"companyname-companyname","name":"business","value":"profile","created":"2019-06-27 15:46:19","updated":"2019-06-27 15:46:19","siteRef":"165","language":null},{"ref":"1412","id":"companyname-companyname","name":"preset","value":null,"created":"2019-06-27 15:46:19","updated":"2019-06-27 15:46:19","siteRef":"165","language":null},{"ref":"1413","id":"companyname-companyname","name":"presetRef","value":null,"created":"2019-06-27 15:46:19","updated":"2019-06-27 15:46:19","siteRef":"165","language":null},{"ref":"1414","id":"companyname-companyname","name":"uniqueId","value":null,"created":"2019-06-27 15:46:19","updated":"2019-06-27 15:46:19","siteRef":"165","language":null},{"ref":"1415","id":"companyname-companyname","name":"companyname","value":"Section testing","created":"2019-06-27 15:46:19","updated":"2019-06-27 15:46:19","siteRef":"165","language":null}]