[{"ref":"107","date":"2019-04-29 13:46:31","global_data":{"pages":[{"ref":"2038","request":"home","title":"Home","seo_title":"Home","keywords":"","description":"","display_order":"1","type":"home","template_ref":"1","menu":"1","basekit_objects_ref":null,"modified":"2019-04-24 10:02:34","redirection":null,"priority":"1","changefreq":"monthly","can_publish":"1","headScript":"","bodyScript":"","status":"active","theme_ref":"1","color_swatch_ref":"1","font_swatch_ref":"1","password":null,"do_sub_page":"0","do_default":"0","templateType":"home","hiddenFromNavigation":"0","exclude_from_sitemap":"0","excludeFromPageLimit":"0","siteRef":"97","language":null,"parentId":"0"},{"ref":null,"request":"about","title":"About","seo_title":"","keywords":null,"description":null,"display_order":"2","type":"page","template_ref":"1","menu":"1","basekit_objects_ref":null,"modified":"2019-04-24 10:02:40","redirection":null,"priority":"0","changefreq":"monthly","can_publish":"1","headScript":null,"bodyScript":null,"status":"active","theme_ref":"1","color_swatch_ref":"1","font_swatch_ref":"1","password":null,"do_sub_page":"0","do_default":"0","templateType":"about","hiddenFromNavigation":"0","exclude_from_sitemap":"0","excludeFromPageLimit":"0","siteRef":"97","language":null,"parentId":"0"},{"ref":null,"request":"blogpost","title":"blogpost","seo_title":"","keywords":null,"description":null,"display_order":"3","type":"page","template_ref":"1","menu":"1","basekit_objects_ref":null,"modified":"2019-04-29 13:19:10","redirection":null,"priority":"0","changefreq":"monthly","can_publish":"1","headScript":null,"bodyScript":null,"status":"active","theme_ref":"1","color_swatch_ref":"1","font_swatch_ref":"1","password":null,"do_sub_page":"0","do_default":"0","templateType":"blogpost","hiddenFromNavigation":"1","exclude_from_sitemap":"1","excludeFromPageLimit":"1","siteRef":"97","language":null,"parentId":"0"},{"ref":null,"request":"blog","title":"Blog","seo_title":"","keywords":null,"description":null,"display_order":"4","type":"page","template_ref":"1","menu":"1","basekit_objects_ref":null,"modified":"2019-04-29 13:19:10","redirection":null,"priority":"0","changefreq":"monthly","can_publish":"1","headScript":null,"bodyScript":null,"status":"active","theme_ref":"1","color_swatch_ref":"1","font_swatch_ref":"1","password":null,"do_sub_page":"0","do_default":"0","templateType":"blogpostlist","hiddenFromNavigation":"0","exclude_from_sitemap":"1","excludeFromPageLimit":"1","siteRef":"97","language":null,"parentId":"0"},{"ref":null,"request":"terms-and-conditions","title":"Terms and conditions","seo_title":"","keywords":null,"description":null,"display_order":"5","type":"page","template_ref":"1","menu":"1","basekit_objects_ref":null,"modified":"2019-04-29 13:31:53","redirection":null,"priority":"0","changefreq":"monthly","can_publish":"1","headScript":null,"bodyScript":null,"status":"active","theme_ref":"1","color_swatch_ref":"1","font_swatch_ref":"1","password":null,"do_sub_page":"0","do_default":"0","templateType":"ecomlegal","hiddenFromNavigation":"1","exclude_from_sitemap":"1","excludeFromPageLimit":"1","siteRef":"97","language":null,"parentId":"0"},{"ref":null,"request":"singleproduct","title":"singleproduct","seo_title":"","keywords":null,"description":null,"display_order":"6","type":"page","template_ref":"1","menu":"1","basekit_objects_ref":null,"modified":"2019-04-29 13:31:53","redirection":null,"priority":"0","changefreq":"monthly","can_publish":"1","headScript":null,"bodyScript":null,"status":"active","theme_ref":"1","color_swatch_ref":"1","font_swatch_ref":"1","password":null,"do_sub_page":"0","do_default":"0","templateType":"ecomproduct","hiddenFromNavigation":"1","exclude_from_sitemap":"1","excludeFromPageLimit":"1","siteRef":"97","language":null,"parentId":"0"},{"ref":null,"request":"cart","title":"Basket summary","seo_title":"","keywords":null,"description":null,"display_order":"7","type":"page","template_ref":"1","menu":"1","basekit_objects_ref":null,"modified":"2019-04-29 13:31:53","redirection":null,"priority":"0","changefreq":"monthly","can_publish":"1","headScript":null,"bodyScript":null,"status":"active","theme_ref":"1","color_swatch_ref":"1","font_swatch_ref":"1","password":null,"do_sub_page":"0","do_default":"0","templateType":"ecombasketsummary","hiddenFromNavigation":"1","exclude_from_sitemap":"1","excludeFromPageLimit":"1","siteRef":"97","language":null,"parentId":"0"},{"ref":null,"request":"store","title":"Store","seo_title":"","keywords":null,"description":null,"display_order":"8","type":"page","template_ref":"1","menu":"1","basekit_objects_ref":null,"modified":"2019-04-29 13:31:54","redirection":null,"priority":"0","changefreq":"monthly","can_publish":"1","headScript":null,"bodyScript":null,"status":"active","theme_ref":"1","color_swatch_ref":"1","font_swatch_ref":"1","password":null,"do_sub_page":"0","do_default":"0","templateType":"ecomproductlist","hiddenFromNavigation":"0","exclude_from_sitemap":"1","excludeFromPageLimit":"1","siteRef":"97","language":null,"parentId":"0"}],"profile":[],"static":[{"ref":"1009","id":"logo-logo","name":"defaultlogo","value":"\/\/d35onr1h4eb0bw.cloudfront.net\/2b52295e9d\/templates\/broad\/images\/logo.png","created":"2019-04-24 10:56:53","updated":"2019-04-24 10:56:53","siteRef":"97","language":null},{"ref":"1010","id":"logo-logo","name":"preset","value":null,"created":"2019-04-24 10:56:53","updated":"2019-04-24 10:56:53","siteRef":"97","language":null},{"ref":"1011","id":"logo-logo","name":"presetRef","value":null,"created":"2019-04-24 10:56:53","updated":"2019-04-24 10:56:53","siteRef":"97","language":null},{"ref":"1012","id":"logo-logo","name":"uniqueId","value":null,"created":"2019-04-24 10:56:53","updated":"2019-04-24 10:56:53","siteRef":"97","language":null},{"ref":"1013","id":"logo-logo","name":"useTemplate","value":"0","created":"2019-04-24 10:56:53","updated":"2019-04-24 11:14:08","siteRef":"97","language":null},{"ref":"1014","id":"logo-logo","name":"width","value":"210px","created":"2019-04-24 10:56:53","updated":"2019-04-24 11:14:08","siteRef":"97","language":null}],"routes":[{"ref":"522","pageRef":"2038","route":"home","location":"","type":"page","created":"2019-04-24 10:51:37","updated":"2019-04-24 10:51:37","siteRef":"97"},{"ref":"523","pageRef":null,"route":"about","location":"","type":"page","created":"2019-04-24 11:02:40","updated":"2019-04-24 11:02:40","siteRef":"97"},{"ref":"524","pageRef":null,"route":"blogpost","location":"","type":"page","created":"2019-04-29 14:19:10","updated":"2019-04-29 14:19:10","siteRef":"97"},{"ref":"525","pageRef":null,"route":"blog\/{slug}","location":null,"type":"page","created":"2019-04-29 14:19:10","updated":"2019-04-29 14:19:10","siteRef":"97"},{"ref":"526","pageRef":null,"route":"blog","location":"","type":"page","created":"2019-04-29 14:19:10","updated":"2019-04-29 14:19:10","siteRef":"97"},{"ref":"527","pageRef":null,"route":"blog\/categories\/{categoryName}","location":null,"type":"page","created":"2019-04-29 14:19:10","updated":"2019-04-29 14:19:10","siteRef":"97"},{"ref":"528","pageRef":null,"route":"blog\/categories\/{categoryName}\/page\/{page}","location":null,"type":"page","created":"2019-04-29 14:19:10","updated":"2019-04-29 14:19:10","siteRef":"97"},{"ref":"529","pageRef":null,"route":"blog\/page\/{page}","location":null,"type":"page","created":"2019-04-29 14:19:10","updated":"2019-04-29 14:19:10","siteRef":"97"},{"ref":"530","pageRef":null,"route":"blog\/search\/{searchTerm}","location":null,"type":"page","created":"2019-04-29 14:19:10","updated":"2019-04-29 14:19:10","siteRef":"97"},{"ref":"531","pageRef":null,"route":"blog\/search\/{searchTerm}\/page\/{page}","location":null,"type":"page","created":"2019-04-29 14:19:10","updated":"2019-04-29 14:19:10","siteRef":"97"},{"ref":"532","pageRef":null,"route":"blog\/tags\/{tagSlug}","location":null,"type":"page","created":"2019-04-29 14:19:11","updated":"2019-04-29 14:19:11","siteRef":"97"},{"ref":"533","pageRef":null,"route":"blog\/tags\/{tagSlug}\/page\/{page}","location":null,"type":"page","created":"2019-04-29 14:19:11","updated":"2019-04-29 14:19:11","siteRef":"97"},{"ref":"534","pageRef":null,"route":"terms-and-conditions","location":"","type":"page","created":"2019-04-29 14:31:53","updated":"2019-04-29 14:31:53","siteRef":"97"},{"ref":"535","pageRef":null,"route":"store\/terms-and-conditions","location":null,"type":"page","created":"2019-04-29 14:31:53","updated":"2019-04-29 14:31:53","siteRef":"97"},{"ref":"536","pageRef":null,"route":"singleproduct","location":"","type":"page","created":"2019-04-29 14:31:53","updated":"2019-04-29 14:31:53","siteRef":"97"},{"ref":"537","pageRef":null,"route":"store\/product\/{slug}","location":null,"type":"page","created":"2019-04-29 14:31:53","updated":"2019-04-29 14:31:53","siteRef":"97"},{"ref":"538","pageRef":null,"route":"cart","location":"","type":"page","created":"2019-04-29 14:31:53","updated":"2019-04-29 14:31:53","siteRef":"97"},{"ref":"539","pageRef":null,"route":"store\/cart","location":null,"type":"page","created":"2019-04-29 14:31:53","updated":"2019-04-29 14:31:53","siteRef":"97"},{"ref":"540","pageRef":null,"route":"store","location":"","type":"page","created":"2019-04-29 14:31:54","updated":"2019-04-29 14:31:54","siteRef":"97"},{"ref":"541","pageRef":null,"route":"store\/page\/{page}","location":null,"type":"page","created":"2019-04-29 14:31:54","updated":"2019-04-29 14:31:54","siteRef":"97"}],"presets-attributes":[{"ref":"16312","name":"@font-swatch1-font-family","value":"\"Ubuntu\", Candara, Futura, sans-serif","siteRef":"97"},{"ref":"16313","name":"@font-swatch1-font-size","value":"26px","siteRef":"97"},{"ref":"16314","name":"@font-swatch1-font-weight","value":"400","siteRef":"97"},{"ref":"16315","name":"@font-swatch1-line-height","value":"36px","siteRef":"97"},{"ref":"16316","name":"@font-swatch1-color","value":"@color-swatch4","siteRef":"97"},{"ref":"16317","name":"@font-swatch2-font-family","value":"\"Ubuntu\", Candara, Futura, sans-serif","siteRef":"97"},{"ref":"16318","name":"@font-swatch2-font-size","value":"24px","siteRef":"97"},{"ref":"16319","name":"@font-swatch2-font-weight","value":"400","siteRef":"97"},{"ref":"16320","name":"@font-swatch2-line-height","value":"34px","siteRef":"97"},{"ref":"16321","name":"@font-swatch2-color","value":"@color-swatch4","siteRef":"97"},{"ref":"16322","name":"@font-swatch3-font-family","value":"\"Ubuntu\", Candara, Futura, sans-serif","siteRef":"97"},{"ref":"16323","name":"@font-swatch3-font-size","value":"22px","siteRef":"97"},{"ref":"16324","name":"@font-swatch3-font-weight","value":"400","siteRef":"97"},{"ref":"16325","name":"@font-swatch3-line-height","value":"32px","siteRef":"97"},{"ref":"16326","name":"@font-swatch3-color","value":"@color-swatch4","siteRef":"97"},{"ref":"16327","name":"@font-swatch4-font-family","value":"\"Ubuntu\", Candara, Futura, sans-serif","siteRef":"97"},{"ref":"16328","name":"@font-swatch4-font-size","value":"16px","siteRef":"97"},{"ref":"16329","name":"@font-swatch4-font-weight","value":"400","siteRef":"97"},{"ref":"16330","name":"@font-swatch4-line-height","value":"26px","siteRef":"97"},{"ref":"16331","name":"@font-swatch4-color","value":"@color-swatch5","siteRef":"97"},{"ref":"16332","name":"@font-swatch5-font-family","value":"\"Ubuntu\", Candara, Futura, sans-serif","siteRef":"97"},{"ref":"16333","name":"@font-swatch5-font-size","value":"16px","siteRef":"97"},{"ref":"16334","name":"@font-swatch5-font-weight","value":"400","siteRef":"97"},{"ref":"16335","name":"@font-swatch5-line-height","value":"26px","siteRef":"97"},{"ref":"16336","name":"@font-swatch5-color","value":"@color-swatch5","siteRef":"97"},{"ref":"16337","name":"@color-swatch1","value":"#ffffff","siteRef":"97"},{"ref":"16338","name":"@color-swatch2","value":"#53c2e8","siteRef":"97"},{"ref":"16339","name":"@color-swatch3","value":"#5a5959","siteRef":"97"},{"ref":"16340","name":"@color-swatch4","value":"#333132","siteRef":"97"},{"ref":"16341","name":"@color-swatch5","value":"#7e7f82","siteRef":"97"},{"ref":"16342","name":"@siteBackgroundColor","value":"transparent","siteRef":"97"},{"ref":"16343","name":"@siteBackgroundGradientType","value":"vertical","siteRef":"97"},{"ref":"16344","name":"@siteBackgroundGradientFrom","value":"transparent","siteRef":"97"},{"ref":"16345","name":"@siteBackgroundGradientTo","value":"transparent","siteRef":"97"},{"ref":"16346","name":"@siteBackgroundImageScale","value":"original","siteRef":"97"},{"ref":"16347","name":"@siteBackgroundImage","value":"none","siteRef":"97"},{"ref":"16348","name":"@siteBackgroundPositionX","value":"center","siteRef":"97"},{"ref":"16349","name":"@siteBackgroundPositionY","value":"top","siteRef":"97"},{"ref":"16350","name":"@siteBackgroundRepeat","value":"no-repeat","siteRef":"97"},{"ref":"16351","name":"@font-swatch1-letter-spacing","value":"0px","siteRef":"97"},{"ref":"16352","name":"@font-swatch2-letter-spacing","value":"0px","siteRef":"97"},{"ref":"16353","name":"@font-swatch3-letter-spacing","value":"0px","siteRef":"97"},{"ref":"16354","name":"@font-swatch4-letter-spacing","value":"0px","siteRef":"97"},{"ref":"16355","name":"@font-swatch5-letter-spacing","value":"0px","siteRef":"97"},{"ref":"16356","name":"@font-swatch6-font-family","value":"\"Ubuntu\", Candara, Futura, sans-serif","siteRef":"97"},{"ref":"16357","name":"@font-swatch6-font-size","value":"16px","siteRef":"97"},{"ref":"16358","name":"@font-swatch6-font-weight","value":"400","siteRef":"97"},{"ref":"16359","name":"@font-swatch6-line-height","value":"26px","siteRef":"97"},{"ref":"16360","name":"@font-swatch6-letter-spacing","value":"0px","siteRef":"97"},{"ref":"16361","name":"@font-swatch6-color","value":"@color-swatch6","siteRef":"97"},{"ref":"16362","name":"@font-swatch6-color-hover","value":"@color-swatch4","siteRef":"97"},{"ref":"16363","name":"@font-swatch6-background-color","value":"@color-swatch1","siteRef":"97"},{"ref":"16364","name":"@font-swatch6-background-color-hover","value":"@color-swatch1","siteRef":"97"},{"ref":"16365","name":"@font-swatch7-font-family","value":"\"Ubuntu\", Candara, Futura, sans-serif","siteRef":"97"},{"ref":"16366","name":"@font-swatch7-font-size","value":"16px","siteRef":"97"},{"ref":"16367","name":"@font-swatch7-font-weight","value":"400","siteRef":"97"},{"ref":"16368","name":"@font-swatch7-line-height","value":"26px","siteRef":"97"},{"ref":"16369","name":"@font-swatch7-letter-spacing","value":"0px","siteRef":"97"},{"ref":"16370","name":"@font-swatch7-color","value":"@color-swatch7","siteRef":"97"},{"ref":"16371","name":"@font-swatch7-background-color","value":"@color-swatch3","siteRef":"97"},{"ref":"16372","name":"@font-swatch7-background-color-hover","value":"@color-swatch2","siteRef":"97"},{"ref":"16373","name":"@color-swatch6","value":"#a8a7a7","siteRef":"97"},{"ref":"16374","name":"@color-swatch7","value":"#ffffff","siteRef":"97"},{"ref":"16375","name":"@font-swatch8-font-family","value":"\"Ubuntu\", Candara, Futura, sans-serif","siteRef":"97"},{"ref":"16376","name":"@font-swatch8-font-size","value":"40px","siteRef":"97"},{"ref":"16377","name":"@font-swatch8-font-weight","value":"400","siteRef":"97"},{"ref":"16378","name":"@font-swatch8-line-height","value":"50px","siteRef":"97"},{"ref":"16379","name":"@font-swatch8-letter-spacing","value":"0px","siteRef":"97"},{"ref":"16380","name":"@font-swatch8-color","value":"@color-swatch7","siteRef":"97"},{"ref":"16381","name":"@font-swatch9-font-family","value":"\"Ubuntu\", Candara, Futura, sans-serif","siteRef":"97"},{"ref":"16382","name":"@font-swatch9-font-size","value":"18px","siteRef":"97"},{"ref":"16383","name":"@font-swatch9-font-weight","value":"400","siteRef":"97"},{"ref":"16384","name":"@font-swatch9-line-height","value":"28px","siteRef":"97"},{"ref":"16385","name":"@font-swatch9-letter-spacing","value":"0px","siteRef":"97"},{"ref":"16386","name":"@font-swatch9-color","value":"@color-swatch7","siteRef":"97"},{"ref":"16387","name":"@font-swatch10-font-family","value":"\"Ubuntu\", Candara, Futura, sans-serif","siteRef":"97"},{"ref":"16388","name":"@font-swatch10-font-size","value":"30px","siteRef":"97"},{"ref":"16389","name":"@font-swatch10-font-weight","value":"700","siteRef":"97"},{"ref":"16390","name":"@font-swatch10-line-height","value":"40px","siteRef":"97"},{"ref":"16391","name":"@font-swatch10-letter-spacing","value":"0px","siteRef":"97"},{"ref":"16392","name":"@font-swatch10-color","value":"@color-swatch4","siteRef":"97"},{"ref":"16393","name":"@color--light","value":"#ffffff","siteRef":"97"},{"ref":"16394","name":"@color--accent","value":"#53c2e8","siteRef":"97"},{"ref":"16395","name":"@color--dark","value":"#000000","siteRef":"97"}],"style-preprocessor-variables":{"@color__primary":"@color-swatch3","@color__secondary":"@color-swatch2","@color__body--background":"@color-swatch1","@color__link--text":"@color__secondary","@color__companyname--text":"@font-swatch10-color","@font__companyname--font-family":"@font-swatch10-font-family","@font__companyname--font-size":"@font-swatch10-font-size","@font__companyname--font-weight":"@font-swatch10-font-weight","@font__companyname--line-height":"@font-swatch10-line-height","@font__companyname--letter-spacing":"@font-swatch10-letter-spacing","@color__h1--text":"@font-swatch1-color","@font__h1--font-family":"@font-swatch1-font-family","@font__h1--font-size":"@font-swatch1-font-size","@font__h1--font-weight":"@font-swatch1-font-weight","@font__h1--line-height":"@font-swatch1-line-height","@font__h1--letter-spacing":"@font-swatch1-letter-spacing","@color__h2--text":"@font-swatch2-color","@font__h2--font-family":"@font-swatch2-font-family","@font__h2--font-size":"@font-swatch2-font-size","@font__h2--font-weight":"@font-swatch2-font-weight","@font__h2--line-height":"@font-swatch2-line-height","@font__h2--letter-spacing":"@font-swatch2-letter-spacing","@color__h3--text":"@font-swatch3-color","@font__h3--font-family":"@font-swatch3-font-family","@font__h3--font-size":"@font-swatch3-font-size","@font__h3--font-weight":"@font-swatch3-font-weight","@font__h3--line-height":"@font-swatch3-line-height","@font__h3--letter-spacing":"@font-swatch3-letter-spacing","@color__h4--text":"@font-swatch4-color","@font__h4--font-family":"@font-swatch4-font-family","@font__h4--font-size":"@font-swatch4-font-size","@font__h4--font-weight":"@font-swatch4-font-weight","@font__h4--line-height":"@font-swatch4-line-height","@font__h4--letter-spacing":"@font-swatch4-letter-spacing","@color__p--text":"@font-swatch5-color","@font__p--font-family":"@font-swatch5-font-family","@font__p--font-size":"@font-swatch5-font-size","@font__p--font-weight":"@font-swatch5-font-weight","@font__p--line-height":"@font-swatch5-line-height","@font__p--letter-spacing":"@font-swatch5-letter-spacing","@color__button--background":"@color__primary","@color__button--background--hover":"@color__secondary","@color__button--text":"@font-swatch7-color","@font__button--font-family":"@font-swatch7-font-family","@font__button--font-size":"@font-swatch7-font-size","@font__button--font-weight":"@font-swatch7-font-weight","@font__button--line-height":"@font-swatch7-line-height","@font__button--letter-spacing":"@font-swatch7-letter-spacing","@color__navigation--text":"@font-swatch6-color","@color__navigation--text--hover":"@font-swatch6-color-hover","@color__navigation--text--selected":"@color__primary","@color__navigation--background":"@color__body--background","@font__navigation--font-family":"@font-swatch6-font-family","@font__navigation--font-size":"@font-swatch6-font-size","@font__navigation--font-weight":"@font-swatch6-font-weight","@font__navigation--line-height":"@font-swatch6-line-height","@font__navigation--letter-spacing":"@font-swatch6-letter-spacing","@color__feature-headline--text":"@font-swatch8-color","@color__feature-strapline--text":"@font-swatch9-color","@color__feature-button--text":"@font-swatch7-color","@color__feature-button--background":"@color__secondary","@color__feature-button--background--hover":"darken(@color__secondary, 10%)","@color__feature-button--border":"transparent","@color__feature-content--background":"#000000","@font__feature-headline--font-family":"@font-swatch8-font-family","@font__feature-headline--font-size":"@font-swatch8-font-size","@font__feature-headline--font-weight":"@font-swatch8-font-weight","@font__feature-headline--line-height":"@font-swatch8-line-height","@font__feature-headline--letter-spacing":"@font-swatch8-letter-spacing","@font__feature-strapline--font-family":"@font-swatch9-font-family","@font__feature-strapline--font-size":"@font-swatch9-font-size","@font__feature-strapline--font-weight":"@font-swatch9-font-weight","@font__feature-strapline--line-height":"@font-swatch9-line-height","@font__feature-strapline--letter-spacing":"@font-swatch9-letter-spacing","@color__form--background":"darken(@color__body--background, 3%)","@color__form-legend--text":"darken(@font-swatch5-color, 4%)","@color__form-legend--background":"darken(@color__body--background, 6%)","@color__form-label--text":"@font-swatch5-color","@color__image-title--text":"@color-swatch4","@color__image-description--text":"@color-swatch5","@color__twitter-item--background":"darken(@color__body--background, 2%)","@color__twitter-account-name--text":"@color__secondary","@color__twitter-tweet--text":"@font-swatch5-color","@color__socialicons--icon":"@color-swatch1","@color__socialicons--icon--background":"@font-swatch6-color","@color__blogpostlist-title--text":"@color__secondary","@color__blogpost-title--text":"@font-swatch1-color","@color__ecomproductslist-label--text":"@color__form-label--text","@color__ecomproductslist-product-title--text":"@font-swatch3-color","@color__ecomproductslist-filters--background":"darken(@color__body--background, 3%)","@color__ecomproduct--background":"darken(@color__body--background, 3%)","@color__ecomproduct-title--text":"@font-swatch1-color","@color__ecomproduct-price--text":"@font-swatch3-color","@color__ecombasket-button--background":"@color__primary","@color__ecombasket-button--background--hover":"@color__secondary","@color__ecombasket-button--text":"@font-swatch7-color"},"backgroundtype":"solidcolor","colorSwatch":"swatch-1","templateRef":193,"profile-fields":{"business":"Company name","headline":"","strapline":"","companydescription":"This is my company description","copyright":"","email":"imported-site-user+20190429130031@basekit.com","address":"123 House","address1":"Castlepark Street","address2":"Basekit Avenue","postalcode":"BS1 123","country":"United Kingdom","phone":"01234 567890","twitter":"social","linkedin":"http:\/\/url.com\/social","facebook":"http:\/\/url.com\/social","googleplus":"","youtube":"http:\/\/url.com\/social","rss":"http:\/\/url.com\/social","logo":"http:\/\/files.dev.basekit.technology\/60\/1f\/601fb85f-b478-4238-9fb9-83ac3fa0a706.png","logowidth":"210","logoheight":"173","yelpbusinessid":"","featureimage":"","category":"","keywords":"","type":"","paypalbuynow_businessemail":"paypal@basekit.com","paypalbuynow_currency":"GBP","countryCode":"GB","instagram":"social","pinterest":"social","vkontakte":"http:\/\/url.com\/social","displayLowStockWarnings":"on","defaultProductOrder":"created-desc","termsAndConditions":"on"},"publishVersion":"1","policy-page":[],"shared-zones-children":[],"shared-zones-values":[]},"live":"1","siteSQLVersion":null,"siteRef":"165","publishVersion":"1"}]