[{"ref":"22310","section":"colors","name":"color__primary","value":"#2B2B3C","siteRef":"165"},{"ref":"22311","section":"colors","name":"color__secondary","value":"#998D5E","siteRef":"165"},{"ref":"22312","section":"site","name":"color__body--background","value":"#ffffff","siteRef":"165"},{"ref":"22313","section":"site","name":"color__container--background","value":"#ffffff","siteRef":"165"},{"ref":"22314","section":"site","name":"color__link--text","value":"@color__secondary","siteRef":"165"},{"ref":"22315","section":"site","name":"font__companyname--font-family","value":"@font-swatch10-font-family","siteRef":"165"},{"ref":"22316","section":"site","name":"font__companyname--font-size","value":"24px","siteRef":"165"},{"ref":"22317","section":"site","name":"font__companyname--line-height","value":"32px","siteRef":"165"},{"ref":"22318","section":"site","name":"font__companyname--font-weight","value":"700","siteRef":"165"},{"ref":"22319","section":"site","name":"font__companyname--letter-spacing","value":"0px","siteRef":"165"},{"ref":"22320","section":"site","name":"color__companyname--text","value":"#2B2B3C","siteRef":"165"},{"ref":"22321","section":"header","name":"color__header--background","value":"#ffffff","siteRef":"165"},{"ref":"22322","section":"footer","name":"color__footer--background","value":"#ffffff","siteRef":"165"},{"ref":"22323","section":"socialicons","name":"color__socialicons--icon--background","value":"#979fa1","siteRef":"165"},{"ref":"22324","section":"socialicons","name":"color__socialicons--icon","value":"#fff","siteRef":"165"},{"ref":"22325","section":"form","name":"color__form-legend--text","value":"#1e1e1e","siteRef":"165"},{"ref":"22326","section":"form","name":"color__form-label--text","value":"#969696","siteRef":"165"},{"ref":"22327","section":"form","name":"color__form--background","value":"#f5f5f5","siteRef":"165"},{"ref":"22328","section":"image","name":"color__image-caption--background","value":"rgba(0,0,0, 0.45)","siteRef":"165"},{"ref":"22329","section":"image","name":"color__image-title--text","value":"#fff","siteRef":"165"},{"ref":"22330","section":"image","name":"color__image-description--text","value":"#bebebe","siteRef":"165"},{"ref":"22331","section":"gallery","name":"color__gallery-caption--background","value":"#fff","siteRef":"165"},{"ref":"22332","section":"gallery","name":"color__gallery-title--text","value":"@color__h2--text","siteRef":"165"},{"ref":"22333","section":"gallery","name":"color__gallery-description--text","value":"@color__p--text","siteRef":"165"}]